Workbook

Sheet Dashboard
A1: DASHBOARD PROGRESS PEMBUATAN APLIKASI ANDROID
A2: Spreadsheet pemantau progres • Update kolom Status & Progress di sheet "Progress Detail" • Total otomatis berbobot
A3: Nama Aplikasi : | B3: MyAndroidApp v1.0 | D3: Tanggal Update : | E3: 46288.204
A4: Platform : | B4: Android Native (Kotlin) | D4: Target Rilis : | E4: 46371.708
A6: RINGKASAN PROGRESS (OTOMATIS)
A7: TOTAL PROGRESS | B7: TOTAL MODUL | C7: SELESAI | D7: BERJALAN | E7: BELUM MULAI | F7: TERTUNDA / REVISI
A8: ==SUMPRODUCT('Progress Detail'!E12:E27,'Progress Detail'!H12:H27)/100 | B8: ==COUNTA('Progress Detail'!G12:G27) | C8: ==COUNTIF('Progress Detail'!G12:G27,"Selesai") | D8: ==COUNTIF('Progress Detail'!G12:G27,"Berjalan") | E8: ==COUNTIF('Progress Detail'!G12:G27,"Belum Mulai") | F8: ==COUNTIF('Progress Detail'!G12:G27,"Tertunda")+COUNTIF('Progress Detail'!G12:G27,"Revisi")
A9: Cara pakai: 1) Isi PIC & Target di sheet Progress Detail 2) Ubah Status via dropdown 3) Isi Progress 0–100 4) Progress Bar & Dashboard terupdate otomatis
A11: REKAP PER KATEGORI
A12: Kategori | B12: Jml Modul | C12: Selesai | D12: Berjalan | E12: Rata2 Progress | F12: Sisa Bobot
A13: Perencanaan | B13: ==COUNTIF('Progress Detail'!C12:C27,A13) | C13: ==COUNTIFS('Progress Detail'!C12:C27,A13,'Progress Detail'!G12:G27,"Selesai") | D13: ==COUNTIFS('Progress Detail'!C12:C27,A13,'Progress Detail'!G12:G27,"Berjalan") | E13: ==IF(B13=0,0,AVERAGEIF('Progress Detail'!C12:C27,A13,'Progress Detail'!H12:H27)) | F13: ==SUMIFS('Progress Detail'!E12:E27,'Progress Detail'!C12:C27,A13,'Progress Detail'!G12:G27,"<>Selesai")
A14: UI/UX | B14: ==COUNTIF('Progress Detail'!C12:C27,A14) | C14: ==COUNTIFS('Progress Detail'!C12:C27,A14,'Progress Detail'!G12:G27,"Selesai") | D14: ==COUNTIFS('Progress Detail'!C12:C27,A14,'Progress Detail'!G12:G27,"Berjalan") | E14: ==IF(B14=0,0,AVERAGEIF('Progress Detail'!C12:C27,A14,'Progress Detail'!H12:H27)) | F14: ==SUMIFS('Progress Detail'!E12:E27,'Progress Detail'!C12:C27,A14,'Progress Detail'!G12:G27,"<>Selesai")
A15: Setup | B15: ==COUNTIF('Progress Detail'!C12:C27,A15) | C15: ==COUNTIFS('Progress Detail'!C12:C27,A15,'Progress Detail'!G12:G27,"Selesai") | D15: ==COUNTIFS('Progress Detail'!C12:C27,A15,'Progress Detail'!G12:G27,"Berjalan") | E15: ==IF(B15=0,0,AVERAGEIF('Progress Detail'!C12:C27,A15,'Progress Detail'!H12:H27)) | F15: ==SUMIFS('Progress Detail'!E12:E27,'Progress Detail'!C12:C27,A15,'Progress Detail'!G12:G27,"<>Selesai")
A16: Frontend | B16: ==COUNTIF('Progress Detail'!C12:C27,A16) | C16: ==COUNTIFS('Progress Detail'!C12:C27,A16,'Progress Detail'!G12:G27,"Selesai") | D16: ==COUNTIFS('Progress Detail'!C12:C27,A16,'Progress Detail'!G12:G27,"Berjalan") | E16: ==IF(B16=0,0,AVERAGEIF('Progress Detail'!C12:C27,A16,'Progress Detail'!H12:H27)) | F16: ==SUMIFS('Progress Detail'!E12:E27,'Progress Detail'!C12:C27,A16,'Progress Detail'!G12:G27,"<>Selesai")
A17: Backend | B17: ==COUNTIF('Progress Detail'!C12:C27,A17) | C17: ==COUNTIFS('Progress Detail'!C12:C27,A17,'Progress Detail'!G12:G27,"Selesai") | D17: ==COUNTIFS('Progress Detail'!C12:C27,A17,'Progress Detail'!G12:G27,"Berjalan") | E17: ==IF(B17=0,0,AVERAGEIF('Progress Detail'!C12:C27,A17,'Progress Detail'!H12:H27)) | F17: ==SUMIFS('Progress Detail'!E12:E27,'Progress Detail'!C12:C27,A17,'Progress Detail'!G12:G27,"<>Selesai")
A18: Integrasi | B18: ==COUNTIF('Progress Detail'!C12:C27,A18) | C18: ==COUNTIFS('Progress Detail'!C12:C27,A18,'Progress Detail'!G12:G27,"Selesai") | D18: ==COUNTIFS('Progress Detail'!C12:C27,A18,'Progress Detail'!G12:G27,"Berjalan") | E18: ==IF(B18=0,0,AVERAGEIF('Progress Detail'!C12:C27,A18,'Progress Detail'!H12:H27)) | F18: ==SUMIFS('Progress Detail'!E12:E27,'Progress Detail'!C12:C27,A18,'Progress Detail'!G12:G27,"<>Selesai")
A19: Testing | B19: ==COUNTIF('Progress Detail'!C12:C27,A19) | C19: ==COUNTIFS('Progress Detail'!C12:C27,A19,'Progress Detail'!G12:G27,"Selesai") | D19: ==COUNTIFS('Progress Detail'!C12:C27,A19,'Progress Detail'!G12:G27,"Berjalan") | E19: ==IF(B19=0,0,AVERAGEIF('Progress Detail'!C12:C27,A19,'Progress Detail'!H12:H27)) | F19: ==SUMIFS('Progress Detail'!E12:E27,'Progress Detail'!C12:C27,A19,'Progress Detail'!G12:G27,"<>Selesai")
A20: Rilis | B20: ==COUNTIF('Progress Detail'!C12:C27,A20) | C20: ==COUNTIFS('Progress Detail'!C12:C27,A20,'Progress Detail'!G12:G27,"Selesai") | D20: ==COUNTIFS('Progress Detail'!C12:C27,A20,'Progress Detail'!G12:G27,"Berjalan") | E20: ==IF(B20=0,0,AVERAGEIF('Progress Detail'!C12:C27,A20,'Progress Detail'!H12:H27)) | F20: ==SUMIFS('Progress Detail'!E12:E27,'Progress Detail'!C12:C27,A20,'Progress Detail'!G12:G27,"<>Selesai")
A22: LEGENDA STATUS
A23: Selesai | C23: Berjalan | E23: Belum Mulai
A24: Tertunda | C24: Revisi | E24: Target lewat & belum selesai = perlu perhatian
A26: TIP: Aktifkan Filter di sheet Progress Detail untuk memantau per PIC / Kategori / Status. Cetak landscape A4 (File > Print).

Sheet Progress Detail
A1: PROGRESS DETAIL PEMBUATAN APLIKASI ANDROID
A2: Isi kolom Status (dropdown) dan Progress (0–100). Kolom Progress Bar terisi otomatis via formula.
A3: TOTAL PROGRESS BERBOBOT | D3: Total Bobot | E3: Selesai | F3: Berjalan | G3: Belum Mulai | H3: Tertunda / Revisi | I3: CARA UPDATE CEPAT
A4: ==SUMPRODUCT(E12:E27,H12:H27)/100 | D4: ==SUM(E12:E27) | E4: ==COUNTIF(G12:G27,"Selesai")&" / "&COUNTA(G12:G27) | F4: ==COUNTIF(G12:G27,"Berjalan") | G4: ==COUNTIF(G12:G27,"Belum Mulai") | H4: ==COUNTIF(G12:G27,"Tertunda")+COUNTIF(G12:G27,"Revisi") | I4: 1. Pilih Status dari dropdown 2. Ketik Progress 0-100 3. Bar & Dashboard otomatis update 4. Filter per PIC/Kategori bila perlu
A6: ==IF(SUM(E12:E27)<>1,"⚠ Total Bobot harus 100% — saat ini "&TEXT(SUM(E12:E27),"0%"),"✔ Total Bobot 100% — valid")
A8: TABEL PROGRESS MODUL — klik panah filter pada header untuk sortir / filter
A11: No | B11: Modul / Fitur | C11: Kategori | D11: PIC | E11: Bobot | F11: Target Selesai | G11: Status | H11: Progress | I11: Progress Bar | J11: Keterangan
A12: 1 | B12: Analisis Kebutuhan & Dokumen SRS | C12: Perencanaan | D12: Andi | E12: 0.05 | F12: 46294.708 | G12: Selesai | H12: 1 | I12: ==REPT("█",ROUND(H12*10,0))&" "&TEXT(H12,"0%") | J12: Dokumen disetujui
A13: 2 | B13: Desain Wireframe & User Flow | C13: UI/UX | D13: Citra | E13: 0.06 | F13: 46301.708 | G13: Selesai | H13: 1 | I13: ==REPT("█",ROUND(H13*10,0))&" "&TEXT(H13,"0%") | J13: Figma link terlampir
A14: 3 | B14: Desain High-Fidelity UI (Figma) | C14: UI/UX | D14: Citra | E14: 0.07 | F14: 46308.708 | G14: Berjalan | H14: 0.75 | I14: ==REPT("█",ROUND(H14*10,0))&" "&TEXT(H14,"0%") | J14: 3 dari 12 layar revisi
A15: 4 | B15: Setup Project (Kotlin, Gradle, Git, Firebase) | C15: Setup | D15: Budi | E15: 0.05 | F15: 46304.708 | G15: Selesai | H15: 1 | I15: ==REPT("█",ROUND(H15*10,0))&" "&TEXT(H15,"0%") | J15: Repo + CI ready
A16: 5 | B16: Splash Screen, Onboarding & Navigasi | C16: Frontend | D16: Budi | E16: 0.06 | F16: 46315.708 | G16: Berjalan | H16: 0.6 | I16: ==REPT("█",ROUND(H16*10,0))&" "&TEXT(H16,"0%") | J16: Navigasi selesai, animasi 60%
A17: 6 | B17: Autentikasi (Login, Register, OTP, Google Sign-In) | C17: Frontend | D17: Dewi | E17: 0.08 | F17: 46322.708 | G17: Berjalan | H17: 0.45 | I17: ==REPT("█",ROUND(H17*10,0))&" "&TEXT(H17,"0%") | J17: Login OK, OTP integrasi
A18: 7 | B18: Dashboard / Home & Bottom Navigation | C18: Frontend | D18: Budi | E18: 0.07 | F18: 46329.708 | G18: Berjalan | H18: 0.3 | I18: ==REPT("█",ROUND(H18*10,0))&" "&TEXT(H18,"0%") | J18: Layout dasar jadi
A19: 8 | B19: Modul Profil & Pengaturan | C19: Frontend | D19: Eko | E19: 0.05 | F19: 46336.708 | G19: Belum Mulai | H19: 0 | I19: ==REPT("█",ROUND(H19*10,0))&" "&TEXT(H19,"0%") | J19: Menunggu API user
A20: 9 | B20: Integrasi REST API (Retrofit/OkHttp) | C20: Integrasi | D20: Dewi | E20: 0.08 | F20: 46343.708 | G20: Berjalan | H20: 0.5 | I20: ==REPT("█",ROUND(H20*10,0))&" "&TEXT(H20,"0%") | J20: 50% endpoint terhubung
A21: 10 | B21: Database Lokal (Room) & Offline Mode | C21: Backend | D21: Eko | E21: 0.06 | F21: 46343.708 | G21: Belum Mulai | H21: 0.1 | I21: ==REPT("█",ROUND(H21*10,0))&" "&TEXT(H21,"0%") | J21: Entity dirancang
A22: 11 | B22: Notifikasi Push (FCM) | C22: Integrasi | D22: Dewi | E22: 0.05 | F22: 46350.708 | G22: Belum Mulai | H22: 0 | I22: ==REPT("█",ROUND(H22*10,0))&" "&TEXT(H22,"0%") | J22: Menunggu Firebase key
A23: 12 | B23: Upload File / Gambar & Media | C23: Frontend | D23: Budi | E23: 0.06 | F23: 46350.708 | G23: Belum Mulai | H23: 0 | I23: ==REPT("█",ROUND(H23*10,0))&" "&TEXT(H23,"0%") | J23: -
... A27: 16 | B27: Build Release, Signing & Publish Play Store | C27: Rilis | D27: Andi | E27: 0.07 | F27: 46371.708 | G27: Belum Mulai | H27: 0 | I27: ==REPT("█",ROUND(H27*10,0))&" "&TEXT(H27,"0%") | J27: -
A28: TOTAL | E28: ==SUM(E12:E27) | G28: ==COUNTIF(G12:G27,"Selesai")&" selesai" | H28: ==SUMPRODUCT(E12:E27,H12:H27)/100 | I28: ==REPT("█",ROUND(H28*10,0))&" "&TEXT(H28,"0.0%") | J28: Progress total berbobot
